distinguish,区別する
massive,大きくて重い
greet,挨拶する
period,期間
crucial,重要な
transition,からへの移行, 変遷from ... to ...
competitive,競争の, 競争による
responsibility,責任があること
discussion,議論, 討論, 検討about, on ...
democratic,民主主義の
stick,棒, 棒切れ,枝
such,特定の種類・程度を示してこんな,あんな
indication,指摘する, 表示することof ...
fund,特定の目的のための資金, 基金for ...
statement,声明；供述
morning,朝,午前
rural,田舎の, 農村の
folk,米・しばしば複数形で 人々
hundred,100
inform,知らせるof ...
otherwise,ほかの点では
judgment,【名/U】判断力
department,部門
external,外側の, 外部の
maintain,を維持する, を続ける
photograph,写真を撮る
section,部分,部品
nevertheless,それでもやはり
remote,遠い、遠隔の、離れた、かすかな、わずかな
trillion,【名/C】 兆
agricultural,農業の, 農耕の, 農学の
precise,正確な, 的確な
elderly,年配の,初老の
impose,...に を課する, を負わせるon, upon ...
live,名詞の前にのみ用いて生きている
mature,成熟した
province,州,省,県
smooth,なめらかな, 平らな
expert,...の専門家, 熟練者at, in, on ...
broad,幅の広い
additional,付け加えた,追加の
previous,名詞の前にのみ用いて前の, 先の, 以前の
throat,のど
currency,通貨, 貨幣
stare,をじっと見つめるat, into ...
throughout,期間…中[ずっと]
muscle,筋肉,筋;筋肉
musician,音楽家,楽士
bus,バス
potentially,潜在的に, 可能性を秘めて
replace,取り替える；取って代わる；戻す、買い換える
series,連続
stability,安定, 安定性
staff,つえ
text,原文
neighbor,隣人, 近所の人
myself,強意用法Iと同格に用いて私自身
steel,鋼鉄
yard,ヤード
agenda,会議事項,議事日程;備忘録
repair,修繕, 修理
subsequent,後の, 次の
rear,背後, 後方
numerous,非常に多い,多数の
supply,...にを供給するto, for ...
tip,チップ, 心付け,祝儀
wound,傷,負傷
mean,…を意図する, ...のつもりである
athlete,競技者,運動家
ourselves,強意用法weと同格に用いて私たち自身,自分たちみずから
car,自動車電車
partnership,提携,協力
passenger,乗客, 旅客
percentage,百分率,割合
perfectly,完全に,申し分なく
lip,くちびる,口もと
poet,詩人,歌人
winner,勝利者,優勝者;勝ち馬
monthly,月1回の,毎月の,月ぎめの
nothing,何も…ない
once,1度,1回
pick,を選ぶ
service,奉仕
powerful,強力な
release,解放する
repeat,‘を'おうむ返しに言う;…‘を'他の人に繰り返して言う
score,スコア,得点記録
pregnancy,妊娠の状態
season,季,季節
seed,種,種子
printer,印刷する人;印刷屋
producer,生産者;産出地
snap,パチンと音をたてる
promote,…‘を'助長する,促進する,増進する
spirit,精神,心
convert,〖~ A into [to] B〗AをBに変える,転換する変わる,転換する
warm,暖かい,思いやりのある
part,部分
childhood,幼時,子供時代
publication,出版,発行+of+名
quietly,静かに
competitor,競争者,競争相手,競合他社
completely,完全に,全く,十分に
symptom,症状, 兆候
relative,比較上の,比べての
tape,テープ,ひも
resist,通例否定文で…‘を'こらうる,がまんする
reveal,を明らかにする, を暴く
risk,危険;危害を受ける可能性+of+名
yellow,黄色の
sad,悲しい
December,12月
despite,〜にもかかわらず
physical,身体の,肉体の
population,人口,住民の数
potato,ジャガイモ
hot,熱い, 暑い
sexual,性の,男女の
imagination,想像,空想
immediate,即座の,即時の, すぐの, 早急な
sheep,羊
shirt,シャツ,ワイシャツ
dozen,ダースの,12個の
similar,似ている
skill,熟練,技量,腕+in+名
no,名詞の前に置いて一つも…ない
park,公園,庭園
sky,空,上空
educate,を教育する, を教え込む
slightly,わずかに,少し
slip,小片, 伝票
elsewhere,どこかよそに,ほかの所で
employer,雇い主,雇用者
entirely,全く
equally,平等に,同等に;均一に,均等に
specialist,専門家
speech,話す力,話す能力・話すこと,言葉・演説,話,スピーチ・話し方・言語,方言,なまり・のせりふ・話法
stair,段
February,2月
stimulate,を刺激する
strategy,戦略,戦術
strongly,強く,激しく
structural,構造の
student,学生,生徒
when,いつ
tale,話,物語
gene,遺伝子
taxi,タクシー
therapy,療法
theater,劇場, 映画館
thus,このように, かくかくして
tourist,[観光]旅行者,観光客
toy,おもちゃ,玩具
historian,歴史家, 歴史学者
host,...の大群,大勢of
university,[総合]大学
web,ウェブ
investor,投資者
weekend,週末;週末休暇
weird,変な,妙な
January,1月
wife,妻,女房,奥さん,夫人
July,7月
June,6月
laboratory,実験室,研究室,試験室;製造所
lawyer,弁護士
forty,40;40の記号
member,一員,会員,メンバー+of+名
officer,公務員,役人役員,幹部
oil,油;油状物
outside,外側に,外へ
constantly,絶えず , しきりに
player,競技者,選手
reader,読者
same,the ~同じ, ...と同一のas節, that節, wh-節
silly,愚かな, 思慮のない,ばかなの
get,を受け取る
hook,掛けくぎ, 留め金
system,体系,系統,組織[網],装置
teach,‘を'教える,‘に'教える
themselves,強意用法[代]名詞と同格に用いて彼ら自身,彼女ら自身,それら自身
tonight,今晩,今夜
tomorrow,明日に, 明日は
motivation,動機を与えること,動機づけ
November,11月, 形容詞的に11月の
obviously,当然ながら；明らかに
ability,能力, 力量
abortion,流産, 妊娠中絶
extent,...の 広がり,大きさ,長さ of ...
assure,に確信させる,を保証する
random,無作為の, 任意の
flood,をあふれさせる
meat,動物の肉
bike,くだけて自転車
religion,宗教;信仰;信仰生活
citizen,国民,公民
restaurant,レストラン料理店,食堂
evaluation,評価
expose,風雨・危険・攻撃などに…をさらすto ...
filter,ろ過器
fine,罰金
shareholder,【名/C】株主
significantly,著しく,かなり
solve,‘を'解く,解明する,解決する
funny,おかしい, 笑える
unknown,知られていない, 不明の
have,~ 過去分詞完了・結果...した, ...してしまった
imagine,を想像する
immigrant,移住者, 移民,入植者
insight,洞察, 洞察力
institutional,制度の, 制度上の
laughter,笑い,笑い声
league,連盟, 同盟
lovely,美しい, かわいらしい
mail,郵便
match,試合, 競技, 勝負
nearly,ほとんど, だいたい
newly,最近, 近ごろ
pale,青白い, 青ざめた
their,彼らの, 彼女らの, それらの
topic,話題;論題+of+名
rare,まれな, 珍しい
reduction,を 減らすこと,減少,縮小, 割引き in ...
reform,を改善する,を改革する
usual,いつもの, 通例の, おきまりの
usually,普通は,通例,通常,いつもは
virus,ビールス,ウイルス,ろ過性病原体
Wednesday,水曜日
weekly,毎週の,1週間の;1週1度の・毎週;1週1回・週刊雑誌
week,週,1週間
root,しばしば複数形で根
database,データベース
effectively,効果的に,有効に,事実上
afraid,を恐れて,こわがってof ...
almost,ほとんど,たいてい
appear,姿を現す / ...のように見える, 思われるto be ...
artist,芸術家;画家,彫刻家,音楽家
baby,赤ん坊,赤ちゃん
who,疑問代名詞だれが,どんな人が
whose,疑問代名詞だれのもの
basically,基本的に,根本的に
believe,'を'信じる,信用する
bird,鳥
both,both…and…の形で両方とも,…のいずれも
box,箱
bread,パン,食パン
reckon,を数える,を計算するup
absence,留守, 不在
accident,偶然,偶発,めぐり合わせ
accord,【名詞】一致, 合意, 調和
active,活動的な,活発な,活気のある
activity,活動,働き;活力
actor,俳優,男優
actual,現実の,実際上の
adequate,十分な
adult,おとなの,成人した,成熟した
advice,忠告,助言;意見,指示
adventure,冒険
adviser,忠告者,助言者;顧問
advocate,【動/他】 を提唱する, を擁護する
aggressive,侵略的な,攻撃的な
ago,期間を表す語の後に用いて…前に
ahead,前方に, 前へ
alcohol,アルコール
album,アルバム
alive,生きている
also,…もまた, 同様に（[[as well]]）
ancient,古代の
annual,1年の,1年間の
apart,...から離れて from ...
appointment,…との約束with ...
appearance,現れること
approve,'を'よいと認める,‘に'賛成する
assistant,助手,補佐役;店員
assumption,（証拠はないが正しいと考えている）仮定,想定, 仮説, 憶測
attract,…'を'引きつける,引き寄せる
average,平均, 平均値
awful,恐ろしい,すさまじい
specialize,を専門にするin ...
spell,【動/他】をつづる,のつづりを言う
behavior,ふるまい,行動
belong,...の所有である
bin,ふたつきの大箱
billion,10億
birth,誕生,出生
bottle,びん;1びんの量
breakfast,朝食
brief,短時間の;短期間の
story,【名/C】『階』
button,ボタン
cancel,を取り消す,を無効にする
cancer,がん
carbon,炭素
cash,現金,正金,銀行券,硬貨
castle,城,とりで
catalog,目録,カタログ,案内書,説明書
championship,優勝者の地位
unusual,普通でない
chief,最高位の,長の；主要な,第一の
civil,市民の,一般市民の;市民としての
classical,古典の;古典時代の;古典様式の
clothes,衣服, 着物
corporation,企業, 法人, 社団法人
comedy,喜劇;喜劇
compete,競う,競争する+with+名+for+名
component,構成している,成分の
concentration,集中;専念,専心+on+名
conflict,衝突,争い；矛盾,不一致
consequence,結果, 成り行き, 影響
consume,を消費する,を消耗するaway
core,芯
coverage,【名/U】報道, 取材
creative,創造力のある, 創造的な
creature,生物,動物
crisis,重大な事態,難局,危機
curtain,カーテン,窓掛け
define,を定義する、定義付ける
desk,机,勉強机,事務机
destruction,破壊[行為]
digital,指の
disappoint,人を‘を'失望させる,がっかりさせる
document,『文書』,書類
drama,戯曲,劇文学;脚本
earn,をかせぐ
easily,簡単に/容易に/易々と
east,東の,東方の,東部の;東からの
eastern,東の;東へ向かう;東からの
edition,版;全発行部数;1冊
editor,編集者;主筆,主幹;編集長
effective,効果的な,効きめのある
effort,しばしば複数形で努力,骨折り
tax,税,税金+on+名
event,でき事,事件;行事
everyday,毎日の,日々の
evolution,発展,進展,展開
exceed,‘を'越える,超過する
experience,を経験する, を体験する
extensive,広い
factor,要因,要素+in+名
hat,帽子
famous,有名な,名高い
fan,ファン, 熱心な愛好者
able,be ~ to do...することができる
fascinate,を魅了する
accuse,...の罪で を訴える, を告発する ... of ...
achieve,（目標・成功などを）達成する,（能力・技術などを）身につける,（勝利・名声などを）獲得する,勝ち取る
address,あて名,住所
festival,祭り,祝い,祭典
finally,最後に
finance,‘に'資金を出す,融資する
fish,‘を'とる,釣る,捕まえる;‘で'魚をとる,漁をする
firmly,堅く/ しっかりと
advance,を前進させる, を進める
flight,…からの逃走, 退避, 脱出from ...
allow,を許す, に許可を与える
always,いつも, 常に
amaze,をひどくびっくりさせる, をとても驚かす, を仰天させる
as,同じぐらい,同様に
attach,...に をつける, を取り付ける to ...
aware,知っている
foreign,外国の;外国からの;外国との
forget,…‘を'忘れる
framework,骨組み
be,補語を伴って ...である
frequency,しばしば起こること,頻繁
functional,機能上の
gay,陽気な/同性愛の
generation,the ~集合的に単数扱い同時代の人人,[同]世代
generate,‘を'発生させる,生む;‘を'生成する
global,世界的な； 全地球的な
goal,ゴール,決勝点
golf,ゴルフ
grammar,文法
bless,…をに授ける,に恵むwith ...
guest,招待客,賓客・泊まり客,宿泊人,
bowl,【名/C】複数形あるいは進行形で球をころがすこと,ボウルズ, ボウリング
happiness,幸福,幸運;うれしさ
but,等位接続詞先に述べたことに反対・対照する内容の語・句・節を導いてしかし,だが,けれども
heart,心臓;胸
by,場時・位置…のそばに, の近くに
hence,それゆえに, 従って
highly,高度に, 非常に
him,彼を,彼に
his,[[he]]の所有代名詞彼のもの
historical,歴史の,史学の
history,歴史;歴史学
cast,を投げる
household,家庭
husband,夫
identity,同一であること
catch,…を捕らえる
change,…の変化,移り変わり,変遷of ...
import,…‘を'輸入する+名+from+名
importance,重要性
increase,増加,増大;増加量+of+名
chase,追跡
information,単数形で冠詞をつけずに情報,知識about+名
input,入力
international,国際的な,国家間の,万国の
check,...の 阻止 to ...
class,種類
itself,強意用法名詞と同格に用いてそれ自身,それ自体,そのもの
joy,喜び,うれしさ,歓喜喜びの種
kid,話をからかう
clear,を...から取り除くof ...
commercial,商業上の,通商上の,貿易上の
knife,ナイフ,小刀;包丁;短刀
knowledge,時にa ~知識,精通,認識,理解
compare,を比較するwith, to ...
competition,...との...の 競争 with ... for ...
complaint,についての 不平, 苦情, ぐち about ...
concert,演奏会,音楽会
conclude,文'を'終わりにする,終える
concrete,具体的な
leadership,指導者の地位
lean,やせた, 肉の落ちた
leather,なめし, 革
legal,法律の,法律上
confuse,...と を混同する with ...
contemporary,同時代の
content,形容詞...で満足して, 甘んじてwith ...
limitation,制限するもの, 制約, 限界
control,を支配する
cope,対処する
counsel,【名/U】協議, 相談
counter,売り台,勘定台
crack,割れ目, ひび
criminal,犯罪者、犯人
danger,危険, おそれ
dear,親愛な,かわいい
directly,まっすぐに
director,指導者
literally,文字通りに
dramatically,劇的に, 非常に効果的に
draw,を引く
drive,...へを追い立てるto ...
edit,を編集する
efficient,能率的な, 効率のいい
enable,~ A to do Aが...することを可能にする
lucky,幸運の,運のよい
essential,絶対必要な, 不可欠な
even,平らな；同じ高さの；同じの；偶数の
everything,単数扱い
existence,...の存在, 実在of ...
expansion,拡大, 拡張
lunch,昼食
exposure,【名/U】...にさらすこと
face,顔,表情
fall,落下する
figure,数字
file,ファイル
final,最後の；最終的な；決定的な
find,を見つける
fine,立派な,みごとな
finish,最終段階,結末
flag,旗 /
flat,平らな
fly,ボタン隠し,ファスナー隠し
fold,を折る
free,自由な
go,行く
maker,製作者,作る人,メーカー
grant,...への補助金, 奨学金to ...
ground,the~地面
guard,見張り, 番人
guide,指導者, 案内人
have,【動/他】を持っている
heat,熱さ, 暑さ
hurt,に苦痛を与える, にけがをさせる
if,仮定・条件を表してもし…ならば
illustrate,を説明する,を例証する,を例解する,を解説する
in,具体的な場所,位置...の中に（で）
involve,を伴う
issue,問題, 問題点
just,ちょうど
lean,傾く
least,最も小さい, 最も少ない
leave,を去る,を離れる
level,平らな
light,光,光線;明るさ
loan,...の貸し付けof ...
me,私を
maximum,最大限
look,見える
measurement,測定寸法測定法
mechanism,機械;機械装置
medical,医学の,医術の;医者の
menu,メニュー,献立表
mile,マイル
military,軍隊の,軍人の,戦争の
mark,…の表面についた 跡 on ...
minimum,通例単数形で最小限,最小量
master,主人,雇主
match,マッチ
dust,ちり,ほこり
emotion,強い感情,感動,感激
enemy,敵
environment,環境,周囲の状況;the~自然環境
encourage,勇気づける； 励ます； 奨励する
exam,試験 , テスト /（医師の）検査, 診断
professional,名詞の前にのみ用いて専門職の;職業の
may,推量...かもしれない
meet,に出会う
might,仮定法で 現在の事実と反対の仮定…かもしれないのだが
retire,引退する,退職する+from+名
notice,人目を引くこと
one,『1個の』,一人の,単一の;補語にのみ用いて1歳の
shelf,たな
order,命令
slave,奴隷
social,社会の,社会的な
solid,固体の,固形の
own,自分自身の, それ自身の, 特有の
particularly,特に
trial,裁判, 審理
peak,山頂
unlikely,補語にのみ用いてありそうもない,考えられない
debate,討論, 論争
device,工夫,案
devote,‘を'ささげる,あてる:devote+名+to+名…に…をささげる
disk,円盤;円盤の表面
electronic,電子の,エレクトロンの
overcome,…‘に'打ち勝つ,‘を'圧倒する
portrait,肖像画,肖像写真+of+名
route,道,道筋,経路
sample,見本,標本+of+名
pitch,を投げる
plain,はっきり見える, 聞こえる
tube,管,筒
ultimately,最後に,ついに,結局
technical,専門の
urban,都会の
rice,米
wet,ぬれた,湿った,乾いていない
point,主張, 指摘
pool,水たまり
pose,ポーズ, 姿勢
pot,つぼ, 鍋
predict,を予報する, を予想する, を予言する
present,贈り物,プレゼント
proof,証拠,証明
prove,を証明する
pump,ポンプ
rank,階級
reach,に着く,に到着する
rear,【動/他】を養育する
regard,...と をみなす as ...
registration,...に登録すること
relate,を物語る
resign,辞職する, 辞任する
resistance,...に 抵抗すること,反抗すること, こらえること to, against ...
resolve,を 決心する, を決意する
result,結果
review,…の再調査,再検討;米復習 of ...
right,【動/他】を正す
ring,鳴る
round,を回って
rush,突進する, 急いで動く
scale,しばしば複数形でてんびん,はかり
seal,公印
secure,安定した, 確実性のある
serve,に仕える
shade,陰,日よけ,陰影,濃淡,色合い
shall,単純未来 ...でしょう
shift,を移し替える
shot,を狙った発砲,発射, 銃声at ...
society,社会
somehow,どうにかして, なんとか
sound,音, 音響
spell,呪文, まじない
stamp,切手,判,足踏み
stand,立つこと
steady,むらのない
strain,を引っ張る
tap,軽く打つこと
through,運動や状態の変化を表す動詞とともに …を貫いて,通って
too,…もまた,その上
top,the ~いちばん上の部分
treat,を扱う
trust,を信頼する, を信用する
use,を使う
value,...の価値, 重要性of ...
wander,あてもなく歩き回る,さまよう
wear,を身につけている
well,『よく』,満足に,申し分なく
wonder,驚くべきもの
would,…だろう
medium,中間の, 並みの
matter,物質
ask,について質問する, を尋ねる
train,列車, 電車
violence,暴力,乱暴
so,様態の指示そういうふうに
recall,呼び戻す, 召還する
formal,正式の,公式の,本式の
successful,成功した
guideline,...の指針, ガイドラインof, for ...
participation,...への 参加, 加入 in ...
medicine,医学,医術;医[師]業
totally,全く,完全に
motivate,（物事）の動機となる, を動機づけする
reality,現実性, 実在
mostly,たいてい,ほとんど;主として
impressive,印象的な
mayor,市長
boundary,境界線, 境
fortunate,幸運な, しあわせな
then,その時,あの時,そのころ
different,異なった, 違う
uncertainty,確信のなさ
compensation,補償
greatly,大いに, 非常に
heavily,重く
really,実際に, 現実に
guy,米話男, やつ, 人
happen,（でき事が）起こる, 発生する
progress,前進する
its,名詞の前で それの, その, それに関する
list,...の表, 一覧表, リスト, 名簿 of ...
local,一地方の
meal,食事, 食事の時間
many,多くの,たくさんの,多数の
minute,分 （1/60時間;略m.,min.）
minute,【形】ごく小さい,微細な
page,ページ
them,彼らを, 彼女らを, それらを, それらに
tire,を疲れさせる
well,【名/C】井戸
story,話, 実話
tire,（車の）タイヤ
wake,目を覚ます
wide,幅の広い
bowl,どんぶり,はち, わん,茶わん,ボール
yard,【名/C】庭, 構内
piano,ピアノ /ピアノを弾くこと
pen,ペン
policy,方針, 政策
mood,気分
plane,平面
refuse,を断る, を拒む
shore,岸, 海岸,湖畔,河岸
wise,賢い；博識な
net,網, ネット
novel,小説
pace,1歩
friendship,友情,親交
pupil,生徒
realize,を完全に理解する, に気づく
rail,横棒
way,くだけてはるかに,大いに,ずっと
light,『軽い』
pro,くだけてプロの選手, 玄人
way,...へ向かう道, 通り道, ...への道筋to ...
pop,ポピュラー音楽, ポップス
slope,傾斜する, 坂になる
case,箱, ケース
race,人種, 民族
strip,布・板・土地などの 細長い一片 of ...
basic,基礎の, 基本的な
careful,注意深い, 気をつけている
football,米フットボール
ownership,【名/U】所有者であること, 所有, 所有権
probably,たぶん, おそらく
street,街路,通り
wooden,木製の, 木造の
worry,...の心配, 悩み of ...
upon,かたく...の上に, 上で; そのうえに, に際し; にあたり, するにあたり
wed,…と結婚する, を妻にする
damage,損害, 被害
piece,部分, 断片
politician,政治家
neither,どちらも…ない
mathematics,数学
somewhat,いくぶんか, やや, 少し
inquiry,についての質問, 問い合わせabout ...
sufficient,十分な
absolute,まったくの,完全な
depth,通例単数形で 深さ, 奥行き
doubt,疑い,疑惑
educational,教育の,教育に関する
generally,普通は
fully,十分に, 完全に
grow,成長する,育つ,生える,茂る
historic,歴史に残る,歴史的,歴史上有名な,歴史上重要な；記録のある,歴史時代の
hour,1時間
lake,湖, 湖水
lover,愛する人,恋人複数形で恋人同士
often,しばしば,たびたび,よく
onto,...の上へ, ...の上に
owner,持ち主,所有者
protect,…‘を'守る,保護する+名+from+名
report,報告書,レポート
singer,歌う人,歌手
someone,｟かたく｠誰か,ある人
station,場所,位置,持ち場,部署
suddenly,突然に,だしぬけに
suitable,適当な,ふさわしい,好都合な
teacher,先生,教える人,教師
visitor,訪問者,泊り客,見物人+from+名,訪問者+to+名
wherever,…する所はどこでも
worker,仕事をする人,勉強をする人
writer,作家,著者
attraction,魅力；引きつける力[性質]；人を引きつける物[人]； 吸引, 誘引; 引力
committee,委員会
concentrate,'を'集中する+on+名
confusion,混乱,乱雑
connection,関係,つながり+of+名+with+名,関係+between+名
cultural,文化的な;教養の,文化の
economy,節約,倹約
dramatic,劇の, 演劇の
female,雌の
fruit,果物,実,果実
magic,魔法の
map,地図;天体図
memory,記憶[力]
mental,精神の,心の
metal,金属;金属
southern,南の,南[部]にある;南へ向かう
struggle,もがく,あがく
tank,タンク
tourism,観光旅行
aircraft,航空機
chemical,化学薬品
code,法典
communication,伝達,通報,報道
celebrate,…'を'祝う
clinical,臨床の
delay,…'を'延期する,延ばす
statistic,統計値, 統計量
quintillion,百京
though,...にもかかわらず, ...だけれども
prior,前の, 先の
proud,得意な,誇らしげな
recent,少し前に起こった,つい最近あった
suggestion,提案、忠告
guarantee,保証
regularly,定期的に
reliable,信頼できる,あてになる,確実な
space,空間
variable,【形】変わりやすい
intense,激しい,強烈な,熱心な
sort,種類,部類
infant,乳児,乳飲み子
innovation,革新,刷新
become,...になる
strike,をなぐる
definitely,明確に, 確実に
current,今の,現在の
load,積み荷
remain,残る
late,『遅れた』,遅い
add,【他】を合計するup, together
pass,通り過ぎる
altogether,まったく,全然
literature,文学
measure,複数形で手段,方法; 対策,処置
body,【名】身体；（生物の）胴体；人
bond,縛る物
Sunday,日曜日
September,9月
Monday,月曜日
October,10月, 形容詞的に10月の
Thursday,木曜日略Thu,Thur.,Thurs.)
August,8月
set,…を置く
upset,動揺した
accurate,【形】正確な, 的確な, 精密な
comprehensive,包括的な,網羅的な,広範囲にわたる；総合的な；はっきりした；完全な；（理解力が）幅広い,理解力のある
accommodation,宿泊
soil,を汚す,汚くする
commitment,...の約束, 誓約, 公約to ...
worth,…するだけの価値がある~ doing/ …の値打ちがある~ ...
origin,...の起源,発端of ...
dismiss,…を去らせる
enhance,...の程度を高める, ...の価値を高める, を向上させる
regulate,規制する, 統制する, 調整する
equivalent,【名/C】...と 同等のもの, ...の 相当語句 for ,of ...
reasonable,合理的な, 理性的な
should,...すべきである
suffer,苦しむ,悩む,心を痛める+for+名,苦しむ+from+名
moderate,中程度の
suppose,…と仮定する
implication,巻き添え
acknowledge,を認める, を認識する
associate,を...の仲間に加える, ..に を連合させる with ...
justify,正当化する, 弁明する
incorporate,【動/他】を法人にする
uniform,不変の, 一定の
prospect,光景,眺め
inspire,引き起こす, 刺激を与える, 活気を与える
property,特性, 特質
receive,を受け取る, を受ける
schedule,…のスケジュールを作る
mean,中庸,中道
lack,不足；欠乏
stomach,胃
にまさって / 《be動詞と結びついて》…の力の及ばない,より高いところへ
name,名前
cover,…で…の表面をおおう,を包む,をかぶせるwith ...
access,【名/U】人・物・場所への 接近 to .../ …への接近の機会, 入場の権利to ...
note,覚え書き,メモ
boot,通例複数形で 長ぐつ
path,小道
fire,火, 炎
plenty,たくさんの、十分な
resource,複数形で資源, 物資
premise,【名/C】（推理を行う上で結論の根拠となる）前提
withdraw,...から を引っ込める from ...
nowhere,どこにも...ない, どこでも...ない
commission,委任, 委任状
sanction,【名/U】支配者・当局の認可of ...
conservative,保守的な
liability,責任, 義務
contain,を含む
suggest,を提案する
vary,...から...に 変わる from ... to ...
awareness,自覚, 認識
carry,を運ぶ
forecast,予想, 予報
know,知る
assume,…を本当のことと思う, を仮定する,推測する
quarter,...の4分の1of ...
disorder,無秩序, 混乱
off,から離れて
provide,を供給する, を提供する
how,どんなふうに, どんな方法で
secondly,第二に；次に
quadrillion,米千兆
burden,荷物, 積荷
fundamental,...に基本的な, 根本的な, 不可欠のto, for ...
resolution,決定すること
investigate,‘を'調べる,研究する
abuse,乱用, 悪用
coin,硬貨
total,総計の
complete,…'を'仕上げる,終える
context,前後関係,文脈
admire,...に感嘆する, に感嘆して見とれる
yield,を生む
take,を取る
strange,奇妙な；見慣れない；不慣れな
straight,『まっすぐに』,一直線に
prevent,防ぐ
come,来る,行く,やってくる
scope,範囲
intervention,（…が）間に入ること；（…の）干渉;調停,仲裁of
coach,コー​チ, 監督
favor,親切な行為
fix,固定する； 直す
pilot,水先案内人
illness,病気,不健康
quickly,速く, すぐに, すみやかに,機敏に,ただちに
certainly,確かに, きっと, 間違いなく
disagree,...と 一致しない, 食い違う with ...
plate,平皿
require,を必要とする
appoint,文…のために を決める for ...
continuous,切り目なく続く
principle,原理, 原則
meanwhile,その間に
scare,をおびえさせる, を怖がらせる
stable,安定した,しっかりした
declare,を宣言する, を公表する
increasingly,ますます, だんだん
initially,当初,初め,もともと
presidential,大統領の,会長の,社長の
okay,=[[OK]],[[O.K.]]
refugee,亡命者,逃亡者,難民
surprisingly,驚くほどに
temporary,一時的な, つかの間の, はかない,仮の
split,を縦に割る, を裂く
expand,...にまで 拡大する；膨張する；広がる into ...
habit,習慣
launch,を進水させる
post,を配置する
dimension,寸法
with,随伴・協調…と, と共に
build,'を'組み立てる,造る,建造する,建築する
primarily,第一に, 主として, おもに
native,名詞の前にのみ用いて出生地の,母国の
equal,等しい
allege,…'を'主張する,申し立てる
network,網,網細工
newspaper,新聞
nuclear,核の,細胞核の
official,公務の,職務[上]の
assistance,手伝い,助力,援助
pension,年金, 恩給 /
opponent,相手;敵対者,反対者+of+名
oppose,...に反対する,...に抵抗する,を阻止しようとする
or,等位接続詞選択を表し,語句・節を結んで肯定文・疑問文で…または…,…か…
option,選択；選択権；売買選択権；付加的機能；付属品
organization,組織化, 編成
organic,有機体の, 生物の
performance,遂行,実行,履行+of+名
output,生産高
card,カード
package,包み,梱包;詰め合わせ品
bedroom,寝室;寝室
pause,小休止, 中断
personnel,おもに複数扱い全職員
personal,一個人の, 個人的な
personally,自分自身で,本人自ら
personality,個性, 性格
luxury,ぜいたく,おごり
margin,へり,縁,端
ice,氷
into,運動,動作の方向…の中へ
pleasure,…の喜び,楽しみof ...
nature,自然
popular,人気がある,評判のよい;好かれている
possession,所有,所持
pregnant,妊娠している
prepare,を準備する,を用意する；AにBに備えて心構えをさせるA for B準備するfor；心構えをする
carefully,注意深く,気をつけて
presentation,贈呈,贈与+of+名
possibility,可能性, 可能なこと,ありうること
privilege,特権
priority,先であること+of+名
prisoner,囚人;拘置人,刑事被告人
celebration,祝賀,祝典の挙行;祝典,祭典,祝賀会
procedure,手続き
product,産物;製品
revenue,総収入,収益
prompt,…を刺激する,促す,かりたてる
state,を述べる,表明する
quiet,静かな,ひっそりした,閑静な
ship,船,大型船
rat,ネズミ
rather,いくぶん,やや
sum,the合計, 総計
recognition,見て気がつくこと,認識
concept,概念,観念+of+名,概念+that節
regulation,規則,規定;法規,条例
stone,石,石材
confident,...に自信のある, を確信しているof ...
relatively,比較的に, 相対的に
relation,関係,関連
relax,‘を'ゆるめる,和らける
consultant,専門的助言をする人,顧問,コンサルタント
resort,...にをやむを得ず訴える, 頼るto ... for ...
response,...に対する返事, 返答to ...
rival,競争相手,ライバル,好敵手,匹敵する人+for+名,競争相手+in+名
crew,乗組員
roof,屋根;屋上;比喩的に家,家庭
write,'を'書く,記す;'を'書く,手紙に書く
young,若い,幼い,年の行かない
zero,0,零,ゼロ
row,をこぐ
royal,しばしばR-王の,女王の,王室の
data,資料,事実;情報
decade,10年間
pollution,を汚すこと, ...が汚されていることof ...
deficit,不足額,赤字
scientific,科学の
mystery,神秘的な物
nervous,神経の
tip,...の先, はし,先端 of ...
secondary,第2の,2番目の;次の+to+名
second,秒
research,…を研究する,調査する
secretary,秘書+to+名
sector,扇形
sensitive,敏感な,感じやすい
discuss,…‘を'論ずる,討議する,検討する
seventeen,17,17の記号
shell,貝がら,貝;堅い殻,こうら
mobile,動かすことができる,移動できる
retail,小売り
sigh,ため息をつく+with+名;嘆いてため息をつく+over+名
signal,信号,合図
significance,重要性,重大さ
significant,重要な
simply,簡単に,分かり易く
sixteen,16;16の記号
employee,雇われる人,従業員
emphasize,…‘を'強調する,重要視する
environmental,環境の;自然環境の
soldier,軍人,下士官,兵士
excellent,すぐれた,優秀な;優の,秀の
species,種,種族の下の単位)
speed,速いこと,速さ
biological,生物学の,生物学的
status,地位,身分;資格
precisely,正確に,ちょうど
stress,緊張
strict,厳しい, 厳格な
sun,the~太陽,日
supporter,支持者,後援者;支え,支える物
surgery,外科,外科医術
tall,高い
tea,茶,紅茶
television,テレビ放送
tent,テント,天幕
tendency,...する, ...への傾向to, toward ...
terrorist,テロリスト,暴力主義者,恐怖政治家
theme,主題,論題,題[目],テーマ
theory,理論,学説+of+名
theoretical,【形】理論的な
clothing,衣類, 衣料品
they,彼らは, 彼女らは, それらが, それらは
thirty,30;30の記号
thousand,1000[人,個など]
tissue,組織
tower,塔,タワー
treatment,...の取り扱い, 扱い方of ...
trigger,引き金
twice,2回,2度
twin,双生児の一人;複数形で双生児,ふたご
universe,the universe,時に the Universe宇宙;森羅万象;[全]人類
unique,ただ一つしかない, 唯一の
user,使用者,消費者
vast,広大な,広範囲な
vessel,船舶
visible,目に見える
visual,視覚の
instead,その代わりとして, それよりも, そうではなく
interaction,相互作用
weak,弱い
wealth,富,財産
weapon,武器,兵器
welfare,幸福,繁栄
kind,...に親切な, 優しい, 思いやりのあるto ...
kind,…の種類, 部類of ...
wrap,…‘を'巻きつける,掛ける+名+around+名
your,あなた[がた]の,君[たち]の
youth,若さ,年の若いこと;若々しさ,元気
practical,実用的な
dangerous,危険な,危ない;危害を加える,険呑な
dark,暗いやみの
depend,...次第である, ...にかかっている on ...
dinner,主要な食事,正餐;夕食,晩餐
dirty,汚い,汚れた,不潔な;泥だらけの,泥んこの
discover,‘を'発見する,見付ける
dog,犬
door,扉
degree,U〉程度,度合
discovery,発見発見したもの
eight,8;8の記号
eighty,80,80の記号
else,そのほかに,それ以外に
engine,エンジン,発動機,機関
enter,…に入る
evening,夕方,夕刻,晩
everybody,【くだけた】みんな；誰でも
especially,特に
except,…を除いて,のほかは
excuse,を許す ; を免除する ; の言い訳をする ; の弁明となる
expensive,費用のかかる,高価な
explain,を説明する
extra,付属するもの
far,距離遠くに,遠くへ,はるかに
farm,農場,農園
fat,太った,肥満した
favorite,お気に入りの, 好きな
film,/ …‘を'薄膜でおおう
flower,花;草花
follow,…‘の'後について行く;…‘の'後に続く
food,食物,栄養物
watch,じっと見る,世話する,注意する
full,いっぱいの,満ちた
garden,庭,庭園
structure,建造物
gentle,優しい,物柔らかな
girl,女の子,少女,娘,未婚の若い女性
operation,作用
good,よい
gun,銃,砲
hard,『堅い』,堅固な,しっかりした
hate,憎しみ,憎悪
heavy,重い,重量のある
hell,死者の国,冥土
hello,もしもし;こんにちは,やあ,おい,ちょっと,おや,まあ
herself,強意用法
himself,強意用法
destroy,…‘を'破壊する,打ち壊す
honest,正直な；信頼できる；誠実さのある；本物の
horrible,恐ろしい,身の毛のよだつ
horse,馬,雄馬
hospital,病院
human,複数形人間 / the human人類
hunger,飢え,空腹
hurry,急ぐ,あわてて行く
insurance,保険
manufacture,製造
inner,内側の,内部の,奥の
important,重要な, 重大な
inside,…の中で
island,島
joke,冗談,笑い話
king,王,国王
whereas,...であるのに反して,...なのに対して
job,職、仕事
kitchen,台所,調理場
large,大きい,多い,広い
laugh,笑う
learn,‘を'習う,学ぶ,身に着ける
leg,脚
life,生命,命
like,…を好む, が好きである
lazy,怠惰な
suspend,...からをつるす, をぶらさげるfrom ...
market,市場,市
middle,まん中の
mistake,誤り,間違い;誤解,思い違い /
shock,衝撃
month,月
moment,瞬間
nation,集合的に国民
mouth,口,口腔
naturally,気どらずに,自然に
neck,首;首の骨
next,次の,すぐ後に続く;来…,翌…
nine,9;9の記号
ninety,90;90の記号
nobody,だれも…ない
normal,正常な,通常の,標準の
nose,鼻
nurse,看護人,看護婦
orange,オレンジ,柑橘類
flexible,曲げられる, 曲げやすい
variation,変化すること, 変動すること
police,the~警察
person,人
plus,を加えて,を足して
opposition,反対すること
scheme,計画
surround,を囲む,を取り巻く
poor,貧乏な,貧しい
position,位置;場所;所在地
price,値段,価格； 代価,代償
preparation,a ~...の用意 of ...
problem,問題, やっかいな事態
properly,適切に, 妥当に, きちんと, ちゃんと
public,名詞の前にのみ用いて公の,公共の,公衆の
suspect,...だろうと思う
remember,を思い出す
red,赤い,赤色の
reply,...に答えるto ...
substitute,...の代わりをするもの, 代用品for ...
focus,‘の'焦点を合わせる+名+on+名
guitar,ギター
seat,腰掛け
ready,用意のできた
tear,を裂く,を破る
dish,大皿,盛り皿,深皿
send,を送る
shake,…‘を'振る,揺り動かす,揺する
shoe,靴;英短靴
variety,多様性
sleep,眠り,睡眠[状態]
slight,わずかの,少しの
slow,遅い,のろい
skin,皮膚,肌
special,特別な
some,複数名詞または数えられない名詞を伴っていくらかの,多少の,少しの
song,歌,歌曲,唱歌
sorry,補語にのみ用いて悲しいと思う,すまないと思う,残念に思う
south,南の,南部の,南向きの;南からの
speak,話す,しゃべる,物を言う,口をきく
sport,集合的にスポーツ,運動競技
maybe,たぶん, おそらく,もしかすると, ことによると
district,地区,区域
strip,を裸にする；をからはぎ取って裸にするof ...
step,一歩, 歩み
study,を勉強する
subject,主題, 話題
sudden,突然の,だしぬけの
summer,夏
support,…‘を'支える
table,テーブル,食卓;台
tail,尾,しっぽ
ten,10,10の記号
than,比較級の後に用いて…よりも,に比べて
swear,誓うto,by,on
tend,傾向がある
this,近くの人・物・事を指してこれ,この人,こちら
three,3;3の記号
tooth,歯
travel,旅行する
merely,単に
mere,ほんの,単なる
overall,全般的に,全面的に, 端から端まで
proceed,取りかかる
transform,変形する, 変換する
moreover,その上, さらに, おまけに
noun,名詞
normally,正常に,普通に,常態では
ugly,醜い,ぶかっこうな
under,下方の場所・位置『…の下に』,に覆われて
understand,‘を'理解する,‘の'意味をつかむ
partly,一部分, 部分的に
until,継続の期限...まで, …までずっと
float,浮く,浮かぶ
include,を含む
individual,名詞の前にのみ用いて個々の,個別の
indicate,…‘を'指し示す,指摘する
instance,例, 実例
grin,字…にニヤリと笑うat ...；（苦痛・敵意・怒りなどで）…に歯をむき出すat ...にやりとすること
magazine,雑誌
previously,以前に,先に
publisher,出版業者,出版社;米新聞発行者
racial,人種[上]の,民族の,種族の
rapidly,速く,すみやかに
murder,殺人謀殺,殺害
sake,ため;利益;理由,目的
Saturday,土曜日
son,息子
nineteen,19;19の記号
therefore,それゆえ,それで;その結果
wall,壁,へい
west,西の,西部の,西向きの;西からの /
wheel,車輪
implementation,履行, 実行, 実施
admit,を認める
advertise,…を広告する,宣伝する;…を言いふらす
advertisement,広告,宣伝
afford,[[can]],[[could]],be [[able to]]と共に用いてを持てる余裕がある, を買う余裕がある, を支払う余裕がある
across,を横切って
arrival,到着+at+名
white,白い,白色の,純白の
beneath,...の下に；...の圧力下に,...に支配されて；...より劣って；...に値しない
blood,血,血液
venture,危険な企て,冒険
beside,位置・場所…のそばに,のわきに,の横に
modern,現代の,今の
module,【名】測定基準;基準単位； モジュール
election,選挙
agent,代理人
anywhere,疑問文・条件節でどこかへ,否定文でどこへも
apartment,アパート,マンション
anxious,を心配している, 気になるabout ...
argument,議論, 口論
arrange,を整理する, を整える
arrangement,...の整理,配置of
arrest,…'を'逮捕する,検挙する+名+for+名
asset,価値のあるもの,宝
badly,悪く, まずく, 下手に
belt,ベルト,バンド,帯
belief,信念
blue,青い,あい色の
borrow,…'を'借りる+名+from+名+on+名
bore,…でをうんざりさせる,退屈させるwith,by ...
branch,枝を出す,枝を広げる
campaign,軍事行動,作戦,戦闘
ceremony,儀式,式典,式【U】礼儀,礼式,作法；形式ばること；うわべだけの行為
chamber,【名/C】空間
characteristic,特徴,特性
chat,話雑談,談笑+with+名
cite,'を'引用する+名+from+名
climate,気候
common,共通の,共同の,共有の
complex,いくつかの部分から成る,複合の,合成の
content,複数形で 中身,内容物
contract,契約,約定,請負
correct,事実に合った,正しい,正確な
definition,定義,語義の記述
proportion,...に対する...の 割合, 比率 of ... to ...
proposal,提案すること
defeat,を負かす, を打ち破る
deeply,深く
density,密集
deposit,預金
desire,願望,欲望;要望,要求
deserve,に値する, を受ける価値がある
develop,…‘を'生じさせる,‘を'現す
differ,違う,異なる；意見を異にする
dominate,…‘を'支配する,‘に'君臨する
early,早く
education,教育
eighteen,18;18の記号
electric,名詞の前にのみ用いて電気の;電気が引き起こす
employment,雇用
entire,名詞の前にのみ用いて全体の, 全部の
entertainment,娯楽,気晴らし,楽しみ
enterprise,企業
entertain,を楽しませる
essay,小論,評論;随筆,エッセイ+on+名
evil,邪悪な
evolve,を徐々に発展させる
excess,超過,過剰
excitement,興奮,動揺
exhibit,‘を'表す,示す
exist,存在する,実在する
executive,実行の, 執行力のある
expenditure,…に対する時・金・労力などの消費,支出of ... on ...
expense,支出, 費用
explanation,説明,解説,弁明+of+名
experiment,...の実験, 試みin, on, with ...
experimental,実験の,実験に基づく:
explore,を探検する
export,‘を'輸出する+名+to+名
fantastic,異様な, 風変わりな
federal,連邦の
fee,料金,報酬,手数料for領地
forever,永久に,永遠に
format,体裁,型,判
formation,形成,構成,育成+of+名
former,名詞の前にのみ用いてかつての,以前の
fortune,運,運勢,運命
friend,友人,友だち
frighten,…‘を'ひどく驚かせる,おびえさせる
genuine,本物の
gaze,をじっと見つめる,凝視するat,into,on ...
guilty,罪を犯した
knee,ひざ,ひざがしら
ideal,理想的な,申し分のない
illustration,例,実例
index,索引;図書目録
industry,産業
install,を取り付ける, を設備する
institution,設立
intelligence,知能, 知性, 情報部,謀報機関
intellectual,知的な
invent,…‘を'発明する,考え出す
investment,投資すること,出資+of+名+in+名
invitation,招待,案内
jury,陪審,陪審員団
justice,正義,正しさ;公平,公正
kill,‘を'殺す,死亡させる
latter,後半の,後のほうの
law,the ~集合的に法
layer,複合語を作って積む人,置く人
leader,指導者,先導者,主将
legislation,法律
library,図書館,図書室
letter,手紙
license,…に許可を与える
likely,補語にのみ用いて…しそうな,らしい
limit,限界；境界；許容量,制限
logic,論理学
literary,文学の
maintenance,...の維持, 保守管理of ...
management,…の管理,運営of ...
manager,支配人,経営者監督,部長
million,100万
establish,を設立する
credit,信用
curious,好奇心の強い,物を知りたがる
originally,もともと, 元来は
debt,借金;負債
deny,…‘を'否定する,否認する
describe,…‘を'描写する,‘の'特徴を述べる
design,‘を'設計する
currently,現在は
hypothesis,仮説, 仮定
president,しばしばPresident米国大統領;大統領
purchase,…‘を'買う,購入する
defense,...に対する 防御, 守備 aginst ...
purpose,目的, 目標
pride,自尊心,自尊
refer,‘を'差し向ける,行かせる
region,地域,地帯;地方
salt,塩,食塩
sand,砂
row,人や物の列, 並びof ...
register,登録
satisfy,を満足させる,を喜ばせる
scale,規模,尺度,スケール
respect,尊敬,敬意+for+名
scene,現場,場所
scream,悲鳴をあげる,金切り声を出す
shadow,陰,暗がり,物陰;the shadows夕やみ
ski,スキーで滑走する
specifically,特に,具体的に
sponsor,保証人+for+名
string,ひも,糸
style,流行[型],スタイル
sheet,敷布, シーツ
everyone,【かたく】みんな；誰でも
independence,独立,自立,独立心+of+名
ticket,切符,乗車券;入道券;券,礼
tone,音
tour,旅行
trade,商業
upper,上のほうの,上部の
vegetable,複数形で野菜,青物;野菜の食用になる部分 /植物
victim,犠牲者,被害者+of+名
village,村,村落
violent,暴力による,乱暴な
penalty,罰、罰金、報い
democracy,民主政治,民主主義,民主政体,民主社会
permanent,永久の, 不変の
encounter,思いがけない出会い,遭遇+with+名
paragraph,区切り,節,項,段落
passage,節,句
abandon,を捨て去る
dialog,対話
phase,段階,局面,様相
wing,翼,羽
wire,針金,金属線
inflation,インフレーション,インフレ,通貨膨張;物価の暴騰
persuade,を説得する
scholar,（人文系の）学者
provision,供給、支給、準備、用意、備え
platform,台,壇 演壇,演台,舞台 政策,綱領
profit,利益,もうけ,収益
psychological,名詞の前にのみ用いて心理学の,心理学的な
radical,急進的な
reject,断る
stain,...でを汚す, にしみをつける
slice,一枚,一切れ+of+名・分け前,一部+of+名・スライス ・料理用へら,フライ返し /
occupy,を占める
peer,…をじっと見つめるat,into,through ...；見えてくる,一部見えるout
potential,可能性のある, 潜在的な
on,位置・場所…の上に,の上で,の上の
stake,くい
vital,生命の
submit,を提出する
volume,本,書物
whisper,ささやく,ひそひそ話す+about+名
board,…‘に'板を張る,'を'板で囲う+up+名,+名+up
assess,を評価する, を査定する
cooperation,...との 協力, 協同 with ...
gradually,徐々に, だんだんに
briefly,手短に,簡単に, 簡潔に
distinct,別の,別個の
extremely,極めて, 極端に,非常に過度に
distant,遠い
patient,辛抱強い
collapse,崩壊／崩壊させる／崩壊する
consequently,その結果として, 結果としては（通例悪い意味が続く）
difference,…の間の
imply,…をほのめかす,を暗に示す
lot,（同種のものの）一群;たくさんのもの・人；くじ
enjoy,‘を'楽しむ
possess,を所有する
fairly,公平に, 公正に
faithfully,忠実に,誠実に,正確に
highlight,最も明るい部分
ordinary,いつもの
perhaps,ひょっとしたら, ことによると, おそらく
affair,事, 事柄
amendment,修正,改正
complain,不平を言う, 泣き言を言う, 訴える
dependent,頼っている,依存している,従属している
electricity,電気, 電流
extension,を拡大すること, 拡大されることof
camp,野営地
fair,公平な, 公正な
count,数えること, 計算
die,（人・動物が）死ぬ, （植物が）枯れる
furthermore,なお, さらに, そのうえに
atmosphere,the ~大気
fair,米 品評会
fast,速い,急速な,すばやい,敏速な
glad,うれしい
contribution,寄付,寄与,貢献
keen,鋭い
lie,うそ,偽り
miss,を打ち損なう, を外す
lock,に錠をおろす
see,が見える, を見る
second,通例the~第2の,2番目の, 二度目の略[[2nd]],[[sec.]])
owe,を借りている
cow,雌牛, 乳牛
criterion,【名/C】規準,尺度
desert,砂ばく, 荒れ地 /
diet,食事, 常食
jacket,上着, 胴着
band,帯, バンド, ひも
novel,【形】新奇な, ざん新な
blow,強打,打撃
pound,ポンド（重量の単位; 16オンス）
leave,許可,許し
line,に裏を付ける, に裏打ちするwith ...
rest,…の残り, 残与of ...
rock,岩,岩石
specific,特定の
firm,商会
wind,しばしば the ~風
meter,【名/C】 計器, メーター
meter,メートル (メートル法で長さの基本単位, 略m）
mount,文 山
pool,【名/C】総賭け金
row,親しい者との激しい口論with ...，…に関する言い争い, 口げんか（[[quarrel]]）about, over ...
stroke,をなでる,さする
tap,...に飲み口をつける
net,正味の, 掛け値のない
spell,しばらくの間,一時
exact,正確な
power,力, 能力
reasonably,適度に
comfortable,気持ちのよい, 快適な
dealer,商人
disappear,見えなくなる, 姿を消す, 消える
drug,薬, 薬品
economic,経済の
enough,十分に
combine,を結合する
county,英 州
while,...する間に
attendance,...への出席 at ...
breathe,【動/自】呼吸する
brilliant,光り輝く, 明るい
cheek,頬, ほお
condition,状態, 健康状態
shut,...に対してを閉める on, to ...
recovery,を取り戻すことof ...
ruin,...の破滅, 崩壊 of ...
silence,静けさ
northern,北の
pretend,のふりをする,に見せかける
profession,専門職
promise,約束
relief,苦通・悩みなどの軽減,除去 from ...
requirement,必要なもの
retirement,...からの引退, 退職from ...
narrative,物語,話
restrict,を制限する, を限定する
somewhere,どこかに, どこかで, どこかへ
supplement,補足
tiny,とても小さい, ちっぽけな
tough,丈夫な
warn,に警告する
whenever,時の副詞節を導いて...するときはいつでも, ...するたびに
critical,評論の
exception,...に対する例外to ...
poll,【名/U】 投票
accept,'を'受け取る,'を'受け入れる
after,時・順序…の後に,…後に, …の次に
afternoon,午後
again,再び,もう一度
age,年齢,寿命;年齢,年
air,空気
amount,the ~総計,総額,総数
alone,ひとりで, 単独で, ただ…だけで
cake,ケーキ,洋菓子
alright,=[[all right]]
besides,...に加えて, ...のほかにも
along,動作や状態の継続を強めて前へ,進んで
and,等位接続詞語・句・節を対等に結んで…と…,…や…,および
angry,怒った, 腹を立てた
animal,動物
anybody,【代】｟くだけて｠（疑問文で）誰か，（否定文で）誰も，（肯定文で）誰でも
apparently,推測どうも…らしい
arrive,着く,到着するat, in, on ...
at,場所・位置のある一点…で,…に
speaker,話す人;演説者
bath,入浴;水浴び
beat,…をたたく,打つ
beautiful,美しい,きれいな
bed,ベット,寝台
begin,始まる,開始する
below,【前置詞】[[fly]],[[go]],[[sink]] など移動を表す動詞と結びつき方向を表して…の下方へ,より低い位置へ
bill,…に…の勘定書を送るfor ...
between,場所・空間・期間...の間に, ...の間で
black,黒い,黒色の
bloody,出血している
boat,小型の船,小舟,ボート
brown,褐色の,茶色の
business,職業,商売;任務,仕事
busy,...で忙しい,多忙なwith ...
energy,精力, 気力,元気
book,予約をする+『for』+『名』
care,気にする,心配する,関心がある
center,通例the center, the centre中心,中央,中核+of+名
central,中心の,中央の,中心からの
chair,いす
every,数えられる単数名詞と共にすべての,どの…も
case,...の実例, 事例 of ...
chance,偶然, 偶然の出来事, 運
cheap,値段が安い,料金が安い,安く売る
chicken,ひよこ,ひな鳥
child,子供,幼児,児童;児童
chip,薄切り,欠け目,傷,かけら
choice,選択,えり好み+of+名
clean,汚れのない,清潔な
company,会社
climb,をよじ登るup
coffee,コーヒー[飲料];話コーヒー
cold,寒い,冷たい;冷えた,冷やした
collection,集めること,収集,採集;徴集,集金+of+名
college,しばしば冠詞をつけず単数形で大学,カレッジ
color,色,色採,色調
coat,上着; コート/ 塗り
cost,代価
course,進路,道筋,方向,水路
consider,…'を'よく考える,熟慮する
cook,料理人,コック
court,中庭
couple,2個+of+名
crime,犯罪,罪
eat,…‘を'食べる;‘を'する;‘を'飲む
conversation,会話,談話,座談+with+名
darkness,暗さ,やみ
day,昼間,日中
differently,…と異なって,違って,さまざまにfrom, than ...
difficult,難しい,困難な,骨の折れる
difficulty,難しさ,困難
dig,‘を'掘る
employ,しばしば受動態で‘を'雇う+名+as+名
empty,からの,中に何もない
deal,と取引する； を分配する,を分ける
dream,夢
drink,飲み物,飲料
drop,したたる
driver,追う人,牛追い,馬方
dry,『乾いた』,乾燥した
earth,the地球
expectation,時に複数形で期待すること+of+名
fact,事実,実際にある事
father,父,父親
fear,恐れ,恐怖
feed,‘に'食物を与える,‘を'養う;英‘を'育てる,飼育する+名+on+名
few,aをつけて背定的に少数の人+of+名
field,『野原』;田野,田畑
fifteen,15;15記号
five,5;5の記号
foot,足;足状の部分
form,『形』,形状,姿
forward,前方へ
four,4;4ノ記号
noise,音,物音
freedom,自由
general,全体的な
front,the~『前面』,表;正面;…の最前部of ...
gently,優しく
gas,気体,ガス
fresh,新鮮な
further,さらに遠く
glass,ガラス
golden,金の,金製の
green,緑の,緑色の,青々とした
growth,成長,発展,発達,増大,増加,栽培,培養
hall,会館,公会堂,集会場;本部,事務所
government,政府
plan,計画,案,プラン,設計
left,左の, 左方の
healthy,健康な,健全な
hear,‘が'聞こえる,‘を'聞く
help,を手伝う,を助ける
hit,打撃
handle,に手で触れる
hardly,ほとんど...ない
hole,穴,割れ目;破れ穴,裂け目;くぼみ,へこみ
holiday,休日,休業日,祝祭日,公休日
home,おもに米『家』,住居,わが家
house,家,住宅
hunt,狩り,狩猟;英キツネ狩り
idea,考え
no less,同じだけ、同様に、…ほども、まさしく、確かに
seventy,70,70の記号
huge,巨大な,莫大な
holder,保持者, 所持者
impossible,不可能な,できない
insure,を保証する
interest,...にに興味を持たせるin ...
it,すでに述べられた物・事または幼児,動物などを指してそれは,そのものは,そのことは
join,をつなぐ,結合するtogether, up
membership,一員であること
judge,を裁判する
knock,…‘を'たたく,打つ,なぐる
land,陸,陸地
last,最後の
neighborhood,近所,近隣
lead,を導く
line,『線』, 筋
little,小さい
love,零点
man,男
marriage,結婚,縁組
marry,…‘と'結婚する,‘を夫にする;しばしば比喩的に‘と'結婚する
more,…よりいっそう大きい,もっと多く,ずっと高い+than…
move,動く
movie,米映画;しばしばthe movies集合的に映画;映画の上映
mind,心, 精神
musical,名詞の前にのみ用いて音楽の;音楽を伴う,音楽に合わせた
must,義務・必要…ねばならない,すべきである
my,私の
national,国民の
nearby,近くの
necessarily,必ず,必然的に
necessary,必要な,不可欠な,なくてはならない；必然的な,避けられない【名/C】必需品,必要なもの；必要なこと（金）
much,多くの, 多量の, たくさんの
obvious,明白な,明らかな,すぐ分かれる;見えすいた
offer,申し出,提案
office,事務所,事務室;営業所,会社
old,年とった,老齢の
only,数量に関してたった,わずか
other,no,one,some,anyなどを伴って別の,ほかの,違った
out,外へ, 外で
picture,絵,絵画
pair,組,対+of+名
past,を通り越して,の先に
perfect,完全な,欠点のない,申し分のない
pack,包み, 束
phone,に電話をかける
plant,植物
proper,（目的に）適切な, ふさわしい
pretty,きれいな, かわいらしい
program,『プログラム』,『番組表』
pull,しばしば副詞[句]を伴って‘を'引く,引っ張る,引いて動かす
river,川
pop,ポンとはじける, ポンと音がする
radio,ラジオ[放送]
rain,通例itを主語にして雨が降る
question,質問, 問い, 質疑
quite,英 割と, 比較的に
rich,金持ちの, 富んだ
raise,を上げる
road,道路；…通り,…街,…街道
responsible,責任がある,信頼できる
rid,AからBを除去する
rock,を揺り動かす, を振動させる
room,部屋,室
rough,粗い,ざらざらした,きめの粗い
rule,規則,規定;法則
run,走る,駆ける
safe,安全な,危険のない
something,何か,あるもの,あること
roughly,手荒く,乱暴に,ぞんざいに
science,科学;自然科学
sea,海,海洋；〖形容詞的に〗海の；...海；波；海岸
seem,見える,思われる
self,自己,自分,自身
seriously,真剣に,まじめに,本気で
server,奉仕者
sense,感覚;感覚+of+名
seven,7;7の記号
soon,間もなく,近いうちに
short,急に,突然
sick,病気の
sign,表れ,印,気配,徴侯;こん跡,計跡+of+名・身ぶり,手まね,合図
sister,~,妹,女のきょうだい
share,を共にする...の分配にあずかる in ...
situation,立場,状態,境遇
sixty,60;60の記号
slowly,遅く,ゆっくり
small,小さい,小形の;少ない,わずかな
situate,【動/他】を置く
soft,柔らかい
smoke,煙,霧 喫煙
square,正方形;四角な物;目,ます目
telephone,電話機
tell,…‘を'話す,語る,言う;‘に'話す
steal,‘を'盗む+名+from+名
stop,‘を'止める
terrible,恐ろしい,怖い
thank,‘に'感謝する,礼を言う+名+for+名
test,試験, テスト
sure,補語にのみ用いて確信して,自信をもって
surprise,しばしば受動態で…‘を'驚かす,びっくりさせる
sweet,甘い;砂糖の入った
swim,泳ぐ,水泳をする
talk,『話す』,しゃべる,物を言う,口を利く
taste,味覚
team,チーム
that,人・物・事・時などを指して,あるいは述べたこと全体を受けてあれ,それ,あのこと
symbol,象徴,シンボル+of+名
thirteen,13;13の記号
those,それら, あれら, あの人たち
throw,…を投げる,をほうる
time,冠詞をつけずに時間,時
together,いっしょに,共に,連れ立って
track,しばしば複数形で通った跡,足跡
Tuesday,火曜日
trip,旅行,出張；外出；つまづき；
truly,偽りなく,心から
truth,真実,事実,真相
try,…‘に'努力する,‘を'努める
unable,できない
unclear,はっきりしない
unemployment,失業,失職
unless,もし…でなければ,…でないかぎり
us,we の目的格我々を,私たちを
useful,役に立つ,有益な,助けとなる；〖it is ～ to do〗 Aが…するのは役に立つ
very,副詞・形容詞・分詞形容詞を強めて非常に,とても,たいへん,きわめて
visit,'を'訪問する,尋ねる
volunteer,志願者,有志+for+名
wait,待つ
angle,かど,すみ
war,戦争,戦争状態;交戦期間;戦争
wash,…‘を'洗う,洗濯する
waste,‘を'むだに使う,浪費する+名+on+名
which,疑問代名詞しばしば「of+複数名詞」を伴ってどちら, どれ
want,を欲する, を望む
whole,the ~,one's ~ の形で名詞の前に用いて全体の,全部の,全…
yesterday,きのう,昨日
whilst,【接続詞】主に英・かたい書～の間に（＝while）
wine,ワイン,ぶどう酒
winter,冬,冬季
within,…以内に
without,…なしに,を持たないで,を使わないで
world,the world世界,地球
wrong,正しくない,間違っている,誤った
year,年,暦年
yes,肯定の問いに『はい』,そうです
win,…に勝つ, 優勝するat, in ...
characterize,...の特性を示す
yet,否定文でまだ
announce,…'を'発表する,公表する
approach,接近,近づくこと+to+名
article,記事,論説+on+名
you,あなた[がた]は,君[たち]は
anger,怒り,立腹
argue,...と...について 議論する, 言い争う with ... about, on, over ...
automatically,自動的に
available,利用できる, 役に立つ
background,背景,遠景
battle,戦闘,戦い;戦争
avoid,を避ける,を回避する
benefit,ためになること,利益,恩恵
beer,ビール
blind,目の見えない,盲目の
bind,を縛る, を束ねる
ease,気楽さ, 楽であること
block,『かたまり』
bomb,爆弾
brand,種類,品質+of+名
cap,帽子,制帽
calculate,…'を'見積もる,算定する
calm,穏やかな,静かな;穏やかな
camera,カメラ,写真機
carpet,じゅうたん,もうせん
cent,セント
chain,鎖;鎖
cable,太綱
chest,胸；肺；収納箱；〖a ～ of A〗Aの1箱分；金庫
chocolate,チョコレート;複数形でチョコレート菓子
circumstance,状況；環境；事情；経済状況；境遇 ; 通例
cloud,雲
comment,論評,解説,注釈,意見+on+名
contact,接触,触れること+with+名
contribute,'を'寄付する,'を'ささげる+名+to+名
cough,せきをする,せき払いする
effect,結果
emotional,感情の,の情緒の
culture,教養;修養;教化
customer,お客,得意先,顧客
duty,義務；仕事；関税；従順さ
decision,決定,解決;結論+of+名
depression,うつ病、憂鬱、不景気、低気圧
designer,設計者,デザイナー
dare,あえて...する
direction,方向,方角;方面
disturb,…をかき乱す, を騒がしくする
drag,‘を'引きずる
delivery,...への配達for ...
determine,を特定する,を明らかにする,を突き止める
engineer,技師,技術家
envelope,封筒
extreme,名詞の前にのみ用いて極度の,はなはだしい
examine,を調べる
fail,失敗する
exchange,...とを取り替えるfor ...
fashion,流行；やり方；様式流行しているもの；社交界
fence,フェンス，囲い
furniture,家具・ 家具 ; 備品; 調度.
future,未来,将来
gain,手に入れる,身につける；を得る
gate,門,通用門+to+名;とびら
gear,歯車,ギヤ
grab,…‘を'ぎゅっとつかむ,ひったくる
grade,米学年
grand,壮大な
introduction,紹介すること+of+名+to+名
flow,流れ
immediately,ただちに,即座に,すぐに
harm,害,損害
height,高さ+of+名
hero,英雄,勇士,ヒーロー
instrument,器具
ignore,…‘を'無視する,顧みない
ill,補語にのみ用いて病気で,気分が悪い
industrial,産業の,産業による
injury,負傷,損害,損傷
impress,…で…を感銘させる,に印象づけるwith；を銘記させる；…にをつける,刻み込むon；（印などを）…につけるwith
interview,面接,面会
introduce,を紹介する
intention,意図
identify,を見分ける, /...とを同じものと考える
mission,…への使節団, 派遺団to ...
journey,旅行,旅
language,言語,言葉
minority,単数形で少数,半数以下
mirror,…‘を'鏡に映す;…‘を'映す
mix,‘を'混ぜ合わせる,混合する,混同する
manner,マナー
moon,the~月
motor,モーター,電動機
mouse,ハツカネズミ
peace,平和
narrow,狭い
operate,動く,作動する
organize,を系統だてる, を組織的にまとめる
panic,慌てふためき,恐慌,狼狽
partner,相手,仲間
occasionally,たまに, ときどき, 時折に
percent,パーセント,100につき,100分+of+名記号%;略p.c.)
operator,運転する人
planet,惑星,遊星
poem,詩,詩歌
poetry,〖集合的に〗詩,詩歌；詩,詩歌；韻文；詩的な美しさ
positive,肯定した,同意の
practice,『…を練習する』
pleasant,人に喜びを与える, 楽しい, 心地よい
pressure,押すこと,押しつけること,圧搾,圧縮;圧力,圧力の強さ
print,…‘を'印刷する
produce,生産する
prefer,BよりむしろAのほうを好む, を選ぶ A to B
pub,パブ
protest,抗議,異議の申し立て;反対,不満+against+名
rarely,文を修飾する副詞としてめったに…しない
anticipate,を予想する
regional,地域の
regular,いつもの
researcher,研究者,調査員
role,役
salary,給料,俸給
screen,…に網戸をつける,金網を付ける
represent,を表す, を象徴する
slide,滑る,滑って進む+on+名
standard,標準,基準,水準,規範
survival,生き残ること,生存,残存+of+名
survive,…の後まで生きる, …より長生きする; 助かる; 耐える・生き残る; 残存する
stir,をかき混ぜる
successfully,首尾よく,うまく,みごとに,成功して
technology,科学技術,工業技術・科学技術的な方法・文明の環境利用・応用科学; 専門用語
teenager,ティーンエージャー
thin,薄い
tool,道具,工具
tradition,しきたり,伝統・ 伝説・慣例,文化遺産
traffic,往来,交通,通行;輸送,運輸
transfer,‘を'移す,移転させる,乗り換えさせる+名+from+名+to+名
trap,わな
tune,曲,節,メロディー
traditional,伝説の,慣習の
threaten,を脅す
adopt,採用する
version,翻訳,訳文+of+名;しばしば Version翻訳,欽定訳
achievement,成就,達成+of+名
adjustment,調停,調整,調節+of+名, 適応+to+名
specify,を明細に述べる
analyze,'を'分析する,詳細に検討する
twist,をよる
typically,典型的に,代表的に
accomplish,（仕事・目的など）を成し遂げる, 仕上げる；（旅などを）終える；（年齢など）に達する
valley,谷,谷間
voter,投票者
weakness,弱いこと+of+名
welcome,を出迎える,に出迎えのあいさつをする
western,西の;西へ向かう;西からの
wipe,‘を'ふく,ふぐう
unite,...とを結合させるwith ...
anxiety,...について心配, 不安about
appropriate,...に適切な,ふさわしいfor, to ...
barrier,柵,障壁;関門;ふざけて改札口
arise,起こる,現れる /Aから生じるfrom A
conclusion,終わり,終結,結末
audience,聴衆、観客
behave,ふるまう
bias,【名/C】斜線
confirm,を確かめる,を確証する
derive,...から を引き出す,を得るfrom
constitute,しばしば受動体でを構成する/ を成り立たせる/ を組織する
consult,…‘に'頼る,求める,相談する+名+about+名
curve,曲線
correspond,一致する, 調和する
craft,技能,技巧
crop,しばしば服数形で作物,収穫物
custom,習慣, 風習
decrease,...の 減少 in ...
demonstration,論証, ...であることの実証that節
display,を展示する,を陳列する
diversity,相違,差違
division,分けること,分割,分離;分配
ensure,を保証する,を確実にする
emergency,非常の場合,緊急の場合
domestic,家庭の
eliminate,...からを排除する、取り除くfrom
era,時代,時期,年代；…時代；紀元,紀年法
error,誤り,まちがい
extract,…からを引き抜く,抜き取るfrom ...
factory,工場,製作所
fiction,作り話,作り事,虚構
fuel,燃料
emerge,出てくる,現れるfrom, out of ...
entrance,建物・場所などへの 入り口 to ...
journal,日誌, 日記
host,【名/C】主人,主人役；…の主人（役）to；寄生動（植）物の宿主；【動/他】の主人役を務める；を主催する
initiative,取り組み
grateful,感謝している
incentive,刺激,動機,誘因
independent,頼らない,依存しない
initial,最初の文字
invest,‘を'投資する+名+in+名
interior,室内,屋内
label,はり札,ラベル;荷札
moral,名詞の前にのみ用いて道徳的な,道徳を守る;善悪の区別がつく
jail,刑務所,牢獄,拘置所
liberal,自由主義の
hint,ほのめかし、ヒント
peer,同等の人,同輩
museum,博物館;美術館
multiple,多数の, 多数の部分から成る, 複合の
negative,否定の,反対の
negotiation,しばしば複数形で取り決め,交渉,話し合い+with+名+about+名
opera,オペラ,歌劇
outcome,（会議や活動などの）最終的な結果,結論,成果
mutual,相互の
passion,激しい感情,情念,熱情
overseas,海外の,外国の, 外国向けの
permission,許可,承諾
permit,…‘を'許可する
phenomenon,現象
philosophy,哲学
phrase,句と違って「主語+述語動詞」の構造を持たず,文中で一つの品詞の働きをするもの)
primary,主要な
protein,蛋白質
principal,第1の,主要な,主な
session,会議 /開会,開廷
recruit,‘を'入れる,募る+名+for+名
rescue,…‘を'救う,救助する+名+from+名
reward,...に対する報酬, お礼for ...
scan,…‘を'じっと見る,詳しく調べる;‘を'端から端までよく見る
segment,部分,区分
restriction,を制限することof ...
routine,いつもの手順, 決まりきった仕事
summarize,…‘を'要約する,手短に述べる
summary,要約,摘要 概要+of+名
substantial,かなりの/ 実在する
respectively,それぞれに,めいめいに,別々に
tender,柔らかい
virtually,事実上, 実質的には, おおよそ
talent,才能,技量+for+名
target,標的
task,課題、仕事、任務
technique,技巧,技術
translate,‘を'翻訳する+名+from+名+into+名
transportation,おもに米輸送,運送;輸送機関
unlike,似ていない,異なる
veteran,老練者,古つわもの,ベテラン
victory,勝利,戦勝+over+名
vision,視力,視覚
voluntary,自由意志でなされる
undertake,に着手する
development,発達,発展,発育,成長;開発;進化
for,時間・距離…の間
giant,巨大な,ものすごく大きい
great,大きい,巨大な
half,半分,2分の1;約半分
verb,動詞
weigh,重さを量る, 熟考する, 比較検討する, 押し下げる, 圧迫する 重さである, 重要である, 圧迫する
zone,地帯,地域,地区
software,ソフトウェア
type,型,タイプ,類型,種類+of+名
update,…を最新のものにする
read,を読む
vice,悪徳行為
show,を見せる,示す
suit,スーツ
surface,表面,外面;水面
e-mail,（伝達手段としての）電子メール,Eメール
expression,思想・意見・考えなどを言葉で表すこと, …の表現of ...
lose,を失う,なくす,を見失う,に負ける
aside,わきへ, わきに
observe,観察する,監視する,守る,順守する
promotion,昇給, 進級
revise,改訂する
thing,物,物体;無生物
vehicle,乗り物
ever,疑問文・否定文,また比較級・最上級の文でかつて, 今まで
function,働き, 機能, 役目
compute,…'を'計算する,見積もる
hire,を雇う
main,名詞の前にのみ用いておもな,主要な
mention,を簡単に述べる
participate,...に 参加する, 加わる in, with ...
prison,刑務所,監獄,拘置所
sex,性,性別
witness,目撃者
implement,実行する
either,~ A or BAかBかいずれか
affect,影響を与える
burst,破裂する, 爆発する
safety,安全,無事+from+名
participant,参加者
party,パーティー
poverty,貧困
pursue,を追う
communicate,を伝える
compromise,...との 妥協, 和解 with ...
embrace,抱きしめる、受け入れる
integrate,...に を統合する, をまとめる into , with ...
satisfaction,を 満足させること of ...
survey,…の調査of ...
transport,を輸送する
sustain,を持続する
capture,つかまえること,捕獲,逗捕+of+名
locate,の位置を突き止める
nowadays,今日では,このごろは
obligation,義務
prime,最も重要な, 主要な
remark,感想,意見,発言
select,を選ぶ, を精選する
similarly,類似して
undergo,を受ける,を経験する
urge,を駆り立てる
via,を経由して
distinction,...の間の 区別, 差異, 相違 between ...
plot,小区画の土地
request,を頼む, を要請する
pattern,模様
perceive,…に気がつく, を知覚する
sequence,連続,続き
conventional,従来の, 型にはまった
apologize,...に...について わびる, 謝罪するto ... for, about ...
equation,等式; 方程式
perception,…に 気付くことof ..., 知覚
resident,居住者
restore,回復する
council,諮問会, 協議会, 評議会
entitle,に表題をつける
entry,入ること, 入場
typical,典型的な, 代表的な
convince,を納得させる, を確信させる
construction,...の組立て, 建造of ...
landscape,風景, 景色
preference,好み
shine,光る, 輝く
shout,叫ぶ, 大声を出すout
dollar,ドル
instruction,...の 指導；教育 in ...
photo,くだけて写真
strength,力, 体力
emphasis,...に対する強調, 重要視on ...
fade,衰える
faith,信頼, 信用
material,材料, 原料
recommendation,を推薦することof ...
colleague,同僚
divorce,離婚
manufacturer,製造業者
minister,聖職者, 牧師
odd,奇妙な, 変な
certain,確信している
deliver,...にを配達するto ...
surely,確かに, 疑いもなく
glance,をちらりと見ることat ...
message,伝書, 通信
silent,音がしない, 静かな
invite,...にを招待する, を招くto ...
there,そこで
secret,秘密の
establishment,...の設立of ...
online,オンラインの
push,…を押す
expect,を予期する, 予想する
unfortunately,...にとって不幸にも, 運悪く, あいにく, 残念ながらfor ...
city,都市, 都会
loud,大きい
reference,...へ言及することto ...
since,...以後ずっと, ...以来ずっと
hair,毛 /集合的に髪の毛
here,場所・位置ここで, ここで
mess,雑然としていること, 混乱 /ごちゃごちゃになった物
wave,揺れる
monitor,監視役
hope,を望む, を期待する
need,疑問文・否定文,また疑問・否定の内容を表す文で…する必要がある,しなければならない
real,現実の
keep,をずっと持っている
all,単数形,または数えられない名詞につけて全体の,全…,…じゅう,…全体
regardless,...に無頓着なof ..., 不注意な
guess,…を推測する
now,今, 現在は
people,複数扱い 人々
recommend,を推薦する
remove,取り去る
stupid,馬鹿な, 愚かな
these,これら,これ,こちら
god,神
pure,混じりけのない, 純粋の
frame,骨組み
luck,運, 巡り合わせ
dedicate,...にを奉納する
happy,幸せな
shelter,保護,避難
we,私たちは
administration,統治
a,【冠詞】oneの弱い意味で一つの
about,…について,に関して
abroad,海外へ,外国に
abstract,抽象的な
absolutely,絶対的に, 完全に
acceptable,受け入れられる,認められる
account,口座
accompany,【動/他】に同行する
act,行動する,行う
ad,｟くだけて｠ 広告
acquire,取得する
acquisition,を獲得すること, 習得すること of ...
action,行動, 活動, 精力的な活動
addition,付け加えること
adjust,を調整する
advantage,利点,長所,強み；有利,優位,好都合
advise,を忠告する, を助言する, を勧める
against,...に対して, に逆らって
agency,代理店
agree,意見が一致する,合意する;同意する,賛成する
aid,助力,援助；手当て助けとなるもの
alarm,警報, 警報機
aim,目的、目標、狙い
airline,定期航空, 定期航空路
ally,同盟させる
alongside,...のそばに, ...と並んで
already,肯定文でもう,すでに
alter,（形・性質などの点で）を変える,改める
alternative,二者択一の
although,...ではあるが, ...だが
among,...の間に
analyst,分析者,解説者
analysis,分析,分解, 解剖
another,もう一つの,もう一人の
announcement,についての発表,公表 about ...
answer,答え,回答,返事to ...
any,疑問文・条件節でいくらかの,何か,だれか /否定文で少しも,何も,だれも
anything,疑問文・条件節で何か
apparent,明白な, はっきりした
appeal,訴え;哀願+for+名
apply,...に を適応する to ...
April,4月
appreciate,を認める
application,...の...への 適用, 応用 of ... to ...
area,面積
architecture,建築術, 建築学
arm,…で…を武装させるwith ...
army,ときにA-陸軍
art,芸術, 芸術作品
ashamed,恥じて, 恥ずかしく思って
assign,〖A to B/BA〗AをBに割り当てる,課す,配分する；指定する；譲渡する
assist,を手伝う, 助ける
attachment,...への取り付け, 付着to ......の付属品to/for ...
attack,攻撃;攻め;非難+on+名
attempt,を企てる, を試みる
attend,に出席する
attention,注意,注意力+to+名
attitude,人・物に対する態度, 姿勢toward, to, on ... /
author,著者,作者,作家,著作者
award,...に を与える,を授ける to ...
away,離れて
bad,悪い,不良の;不正な
bag,袋
back,後方へ,後ろに
balance,天秤,はかり釣り合い,均衡
ball,球, ボール
band,【名/C】人の一隊, 一団of ...
bank,【名/C】土手,堤
bank,銀行
base,基礎, 根拠
basis,考えなどの 基礎 of, for ...
barely,ほとんど...ない
beach,浜,海岸
because,…だから,…ゆえに
before,場所・位置前へ,前方へ,先へ
behind,過ぎ去って,過去に
bell,鐘,釣り鐘;鈴,ベル,りん
bend,を曲げる
bet,'を'かける
beyond,場所…を越えて,の向こうに
big,大きい
bid,文に命じる
bit,...の小片,少量,少し of ...
bite,をかむ, をかじる
blame,責任；非難
blow,吹く
bone,骨
boom,とどろく音
boost,後押し
border,ヘリ,縁端;端に沿った部分
bother,やっかい
bottom,底+of+名
boss,ボス,上役, 上司, 親方 /
boy,少年,男の子
brain,脳,脳髄
break,…を壊す
breath,息,呼吸;UC〉1回の吸気
bright,輝いている,びかびかの
breast,胸, 胸部
bring,‘を'持ってくる
brother,兄弟,兄,弟
budget,...の予算, 予算案for ...
brush,…にブラシをかける, をブラシでこする
bunch,...の 束, ふさ a ~ of ...
burn,燃える,焼ける
bury,死体) を埋める, を埋葬する
buy,…を買う
buyer,買い手,購入者
call,を呼ぶ
can,能力...することができる
capability,能力,才能,手腕；素質,可能性
capable,能力がある
capacity,収容力, 容量, 容積
capital,首都
career,生涯,経歴
cat,猫;ネコ科の動物
category,範疇
cause,の原因となる, を引き起こす
cell,細胞；独房,監房；電池；通話可能区域；携帯電話；小グループ
century,1世紀,100年間
chairman,議長, 委員長
challenge,挑戦
champion,チャンピオン；優勝者
character,性格, 人格
charge,...の費用for ...
charity,博愛
charm,魅力，魅了、味がある
chart,図表
cheese,チーズ
choose,'を'選択する,選ぶ
church,教会,教会堂
cigarette,紙巻きたばこ
circle,円を描く,旋回する
civilian,【名/C】 一般市民,民間人,文民
classic,規範となる,典型的な;第1級の
considerable,考慮に値する
clearly,はっきりと
clock,置き時計; 掛け時計
close,…を閉じる,を閉める
club,こん棒
closely,ぴったりと, きっちりと
cluster,【名/C】花・果実などのふさof ...
close,...に近い,接近しているto ...
coal,石炭
coast,海岸, 沿岸
column,円柱
combination,結合,組み合わせ;組み合わされたもの,結合体+of+名
command,命令指揮
commit,を犯す
community,共同会社,地域会社・共同体;社会,…界
comparison,...と...との 比較 of ... with ..., …間の比較between ...
complexity,複雑さ,複雑なもの
complicate,を複雑にする
computer,コンピューター
compound,混合物,化合物
compose,を構成する
confidence,信頼
connect,'を'連結する,結びつける;…'を'結合する電話でつなぐ+名+with+名
consideration,...の 考慮, 熟慮 to ...
consumer,消費者 ; 消費する物+of+名
consistent,矛盾のない
constant,不変の, 一定の
construct,…を組み立てる, を建てる
contest,争い, 競争, コンテスト
continue,'を'続ける,持続する;…'を'また始める,継続する
contrast,を対照させる,を対比させる
controversial,物議を醸す, 論争の余地のある
convention,大会
cool,涼しい
copy,写す,複写,模写,複製;謄本,抄本
corporate,法人[組織]の
corner,かど, すみ
could,…することができた
counter,に逆らう
crash,ガラガラ,ドシン
crazy,狂気の,気違いの
cream,クリーム
create,…'を'創造する,産み出す
creation,創造,創作,創設+of+名
critic,評論家,批評家
criticism,批評;批評文,評論
criticize,…'を'非難する,酷評する
cross,十字架
crowd,群衆,人こみ+of+名
cry,叫び声, 鳴き声
cup,茶わん
cut,を切る, を切断する
cycle,周期,循環期;一巡り
daily,毎日の, 日々の
damn,をけなす, を酷評する
dance,…に合わせて踊る,舞う,ダンスをするto ...
date,日付
dead,死んだ,死んでいる
death,死,死亡;死に方,死にざま
deep,深い
decide,を決心する
defend,…'を'守る,保護する+名+against+名
delight,大喜び,歓喜
depress,【動/他】の元気をなくさせる
demand,要求
demonstrate,を論証する, を証明する
desert,を見捨てる,を放棄する
diet,【名/C】 議会,国会（The 〜）
direct,を指揮する
disaster,災害,災難・不幸
discount,割引[額]
disease,病気, 疾患
discipline,訓練
distance,距離, 間隔
dispute,論争, 紛争
divide,…‘を'分ける,分割する+名+into+名
do,『…をする』,行う,果たす
double,2倍の,倍の
down,下へ, 降りて
draft,下絵,スケッチ,設計図;草稿,草案
dress,衣服
due,支払われるべき, 支払期日が来ている
during,の間ずっと,…の間じゅう
each,おのおのの,めいめいの,それぞれの, 各…
easy,簡単な, 容易な
edge,縁,端;背
elect,を選ぶ, を選挙する
eleven,11;11を表す記号
element,要素, 成分
empire,帝国
end,終わり
engage,取り組む
episode,挿話的なでき事
enormous,巨大な, ばく大な
escape,Aから逃げ出す,脱走するfrom, out of A； Aから免れるfrom A； Aから流出する,漏れるfrom, out of A ;（未然に）をうまくかわす；を免れる,を逃れる；に忘れられる,の注意を引かない；（言葉・ため息などが）（人）から思わず出る；
equipment,...のための 備品, 装備 for ...
estate,地所
estimate,を見積る,概算する
ethnic,民族の
evaluate,…を評価する,の数量を見積る
everywhere,いたるところに, いたるところで
evidence,証拠,証拠物件
exactly,正確に, きちんと
examination,試験+in+名ofを用いない
example,例,実例;見本,標本+of+名
excite,を刺激する；を興奮させる
exercise,を働かせる
exhaust,を疲れ果てさせる
exhibition,an~表すこと,示すこと,発揮+of+名
eye,目
facility,施設
extend,...までを延ばすto ...
failure,...における 失敗, 不成功in ...
familiar,よく知られている, 見慣れた
family,集合的に家族,家庭
fan,【名/C】うちわ
farmer,農場経営者,農場主
fault,欠点
feel,…に触れる
feature,特徴
fifty,50;50記号
fight,『戦う』,格闘する;激しく口論する
fill,をいっぱいにする
financial,財政上の;財界の;金融上の:
flat,アパート,マンション, フラット
finger,指
first,第1の,1番目の;最初の
firstly,第一に,まず第一に
firm,しっかりした
flash,ぱっと光る,きらめく
fit,（意図・目的など）...に合う
flight,【名/U】飛ぶこと
forest,森林,山林
fool,馬鹿, ばか者
formula,決まった言い方
forth,前へ, 先へ
fourteen,14;14の記号
found,【動/他】を創設する, を設立する
fragment,...の破片, 断片of ...
frequently,しばしば, たびたび, 頻繁に
friendly,好意的な,友情のこもった,親切な
Friday,金曜日
from,場所・時…から
fulfill,を果たす
gallery,回廊,歩廊
game,遊び
gap,壁・へいなどの割れ目, すきまin ...
gentleman,紳士;君子
gesture,身ぶり,手まね,しぐさ
gift,贈り物,寄贈品,寄付金+to+名
give,を与える
gold,**金の**,金製の
govern,を治める, を統治する
governor,知事
graduate,卒業生
grain,穀類の粒of ...
gray,灰色の,ねずみ色の,鉛色の
group,群れ,集まり,小集団+of+名
hand,手
hang,通例副詞[句]を伴って…‘を'掛ける,下げる,つるす
head,頭, 頭部
health,健康,健全
he,彼は, 彼が
helpful,助けになる
her,[[she]]の目的格彼女に
hesitate,ためらう,ちゅうちょする
hi,話やあ,こんにちは
high,高い,高い所にある
hide,を隠す
hill,丘, 小山
hold,…を持つ,を持っている
honor,尊敬
hopefully,願わくば, うまくいけば
hotel,ホテル,旅館
however,しかしながら, それにもかかわらず
humor,ユーモア, おかしさ
illegal,不法の,違法の
image,像,映像
impression,印象,感銘+on+名
inch,インチ
income,収入, 所得
indeed,文全体または前の語を強調して実に,全く, 本当に
infection,伝染
innocent,無罪の, 潔白な
intend,を意図する, のつもりである
internal,内側の,内部にある
interpretation,...の解明, 説明of ...
investigation,...の調査, 取り調べ, 研究of, into ...
involvement,...への関与,かかわり合いin, with ...
item,事項
joint,共同の
journalist,ジャーナリスト、記者
jump,副詞を伴って跳ぶ,跳躍する
kick,…をける,をけ飛ばす
key,…の鍵, かぎto .../ the 〜達成・理解・解決などの手がかり,秘訣to doing
kid,おもに米話複数形で子供,若者
kiss,口づけ,キス
lady,淑女,貴婦人
last,続く,継続する
lay,を置く,を横たえる
leap,しばしば副詞[句]を伴ってぴょんと飛ぶ,はねる,躍る
lecture,講義,講演+on+名
length,長さ
lesson,しばしば複数形で授業,けいこ
let,に...させる, ...に...させておく, を...するままにしておく~ ... do/ ~ us do...しよう
lift,…‘を'持ち上げる,引き上げる+up+名,+名+up
lie,うそを言う, 偽る
like,『…に似た』,のような, みたいな
link,輪
liquid,液体,流体
listen,聞く
location,位置を捜し出すこと+of+名
live,生きている
long,長い
long,【動/自】Aをしきりに望む,待ちわびるfor A；Aにしてほしいと切望するfor A to do【動/他】...したがる；...することを切望するto do
loss,失うこと,紛失+of+名
low,低い
machine,機械
mainly,おもに, もっぱら
major,大きいほうの,いっそう重要な
majority,大多数,過半数
make,を作る
manage,を管理する, を運営する
male,男性の、雄の
mass,…のかたまりof
mate,対をなすものの片方 to, of ...
mean,劣った,つまらない
method,…の方法, 方式of ... / 几帳面さ, 秩序
milk,動物が分泌する)乳,牛乳,ミルク
mine,私のもの
mine,鉱山, 鉱床
minor,小さいほうの,少ない
Miss,未婚婦人 /複数形で少女
mode,【名/U】...の方法of
model,...の模型of ...
modify,を修正する, を変更する
money,金,金銭;通貨
most,the ~最も多い,最高の,最大の
motion,動くこと,運動,運行,移動
mountain,山
mortgage,抵当, 担保, 住宅ローン
mount,を登る
movement,…の運動,動き;移動of ...
music,音楽
natural,自然の
near,…に近く,の近くに
new,新しい;名詞の前にのみ用いて新しく発見された,新しく来た
nerve,神経
negotiate,‘を'取り決める,協定する+名+with+名
never,文の否定 一度も...しない, 全く...ない, 決して...ない
night,夜,晩,夜間
nice,良い, 気持ちよい
none,~ of ......のどれも...でない
north,北の,北部の,北向きの
not,助動詞,be動詞,時にhaveと共に,また一般動詞にはdoを添えて文の否定を表して…でない,しない
notion,心に思うこと,考え,意見
nor,neither…nor,で…も,も…ない,また…ない
number,数,数量
observation,観察すること;観察+of+名
objective,目標,目的
of,所有・所属…の
open,…‘を'開く,開ける;…‘の'ふたをとる
opinion,意見,見解複数形で所信
opposite,反対の
opportunity,...する機会, 好機, きっかけ, チャンスto do
original,以前にはなかった,新しい
ought,【助動詞】するべきだ
our,我々の,私たちの
outline,...の 輪郭 of ...
over,…を越えた向こうに
pain,苦痛,痛み
paint,…‘を'絵の具でかく
panel,はめ板,鏡板,仕切り板,パネル
paper,紙
particular,特にこの, あの, 特定の
pay,‘を'支払う;…‘に'支払う
payment,支払い,納入+for+名
per,...につき, ...ごとに
perform,を成し遂げる
perspective,観点, 視点
pink,桃色の
pig,ブタ
pile,...の積み重ねof ...
place,場所, 位置
plastic,プラスチック;プラスチック製品
play,を競技する
pocket,ポケット
political,名詞の前にのみ用いて国家の,政府の;政治の,政治上の:
portion,部分
possible,可能な；ありうる；起こりうる /the ~ 可能性 可能性のある人
possibly,ひょっとしたら, ことによると
post,英 郵便, 郵便制度
praise,をほめること, ...の称賛したof ...
pour,副詞[句]を伴って‘を'注ぐ,つぐ,流す
pray,祈るto+名+for+名
pound,…で…を強く打つ, を連打するwith ...
present,...に出席している,居合わせているat, in ...
presence,居ること,あること
press,を押す, を圧する
presumably,たぶん,おそらく,推定上,推定されるように
process,作用, 過程
private,私的な；個人的な；私有の；内密の【名】二等兵
prize,賞, 賞品
production,生み出すこと,生産,産出,製造+of+名
profile,横顔,プロフィール
project,…‘を'計画する,企画する
protection,保護すること,守ること;保護されていること+from+名
put,副詞を伴って…を置く
qualify,に資格を与える
quality,...の特質,特性of
quick,速い,急速な,素早い;敏しょうな,機敏な
quote,引用
range,a ~範囲,広がり
rapid,速い,すばやい,敏速な
rate,速度
raw,生の,料理されていない
reason,理由,わけ,根拠
recently,人ごろ,最近,このごろ
record,...の記録
recover,を取り戻す, を回復する
reduce,...までを減らすto ...
reflect,‘を'反射する,はね返す
reflection,反射
regret,…‘を'後悔する;…‘を'残念に思う
relationship,関係,間柄,仲
religious,宗教の
remind,‘に'思い出させる,念を押す:
relevant,補語にのみ用いて主題・当面の問題などに関連のあるto ...
reporter,報告者,申告者
representative,代表する
rent,...に対する 借用料, 家賃 for ... /
respond,返事する
reserve,...のためにを別にしておく, を取っておく, を予約するfor ...
rest,【名/U/C】休息【動/自】休む,休息する
return,帰る,戻る+from+名+to+名
reverse,逆の;裏側の
revolution,革命+against+名
ride,...に乗って行く, 乗っているon, in ...
right,右の, 右側の
ring,指輪
roll,転がる,転がって行く;回る
romantic,ロマンチックな, 伝記物語的な
sail,副詞[句]を伴って航海する
sale,販売,売却,売れ行き,需要+of+名
say,直接話法で「…」と言う;人に「…」と言うto
save,を救う
scientist,科学者,自然科学者
school,学校
security,安全,無事
search,を求めて （ある場所など）をくまなく捜す for ...
selection,選ぶこと, ...から選び出すことfrom, out of, among ...
sell,を売る
senior,年上の
separate,…‘を'分離する,引き分ける;…‘を'引き分ける+名+from+名
sentence,文章
serious,まじめな, 厳粛な
settle,を決定する,を解決する
settlement,...の解決of
sharp,鋭い,よく切れる,よく突きささる
shape,形, 形状
she,彼女は,彼女が
shoot,‘を'撃つ,発射する,‘を'射る,‘を'放つ+名+at+名・‘を'撃つ,射る・‘を'矢つぎばやに出す,浴びせかける+名+at+名
shop,おもに英小売店,商店
shoulder,肩;複数形で上背部
shower,しばしば複数形でにわか雨,にわか雪
side,面
sight,視力,視覚
silver,銀
simple,簡単な
sing,歌う;歌って聞かせる+to+名;歌う+to+名
single,たった一つの, 一人の
sir,時にS-冠詞なしで男性の目上の人・見知らぬ人・店の客・上官・先生・議長などに対する敬った丁寧な呼び掛け語としてあなた,だんな,先生,おい,君
size,大きさ
site,【名】土地,敷地
six,6;6の記号
sit,...に座る, 座っているat, on, in ...
skirt,スカート
slip,滑る
smell,…‘を'かぐ,‘の'においをかぐ
smile,ほほえむ,にっこりする
smart,気のきいた,抜け目のない, 賢い
snow,雪
soil,土, 土壌
somebody,｟くだけて｠ 誰か, ある人
soul,魂,霊魂;心,精神
sometimes,ときどき
sound,傷んでいない
spin,を紡ぐ
spot,場所
spread,‘を'広げる,伸ばす+out+名,+名+out
stage,舞台
start,始め；開始
state,状態, 様子
stay,副詞を伴ってとどまる, いる
stick,...で…を刺す, を突く with ...
stock,在庫品,仕入れ品,ストック+of+名
storm,あらし,暴風[雨],荒天
store,店舗
storage,貯蔵すること, 保管
stranger,見知らぬ人+to+名
stretch,‘を'いっぱいに伸ばす+out+名,+名+out
strengthen,を強くする
subsequently,【副】後で, 次に, 続いて
stroke,一打ち, 一撃
strong,力の強い
studio,仕事場,アトリエ
stuff,材料
substance,物質,物
sugar,砂糖
sweep,…‘を'掃く,掃除する
swing,揺り動かす,振り回す
tackle,道具
tennis,テニス,庭球
territory,地域,地方
thick,厚い
think,を考える
thirst,のどの渇き
threat,脅し,脅迫
tie,…を縛る,結わえる,縛り付ける+名+up++to+名+with+名
till,継続を表す動詞と共に用いて～までずっと
tight,きっちり締まった
today,きょう[は],本日[は]
title,....の 題名 of, to ...
to,方向...へ
toward,運動の方向…のほうへ,に向かって
touch,…をさわる
town,町
trace,跡, 形跡
trail,の後について行く
trick,芸当
tree,木,樹木;,低木に対し)喬木,高木
trend,傾向,すう勢,流行+toward+名
trouble,苦難, 悩み
truck,運搬車,トロッコ；トラック,貨物自動車
true,ほんとうの,真実の
turn,…を回す,を回転させる
twenty,20;20の記号
two,2,2の記号
twelve,12;12の記号
union,結合,合同,合併;調和,一致+of+名
universal,すべての人々の,万人共通の;全世界の
van,有蓋トラック, ほろつきトラック
up,上への動作上へ,上のほうへ
various,互いに異なる, いろいろな, さまざまな
video,テレビの映像
view,を見ることof ...
voice,声
walk,歩くこと,歩行
wage,賃金
water,水
weather,天気, 天候
weight,重さ,重量,目方;体重;a weight重さ+of+名
wealthy,富裕な, 裕福な
where,疑問副詞どこに,どういう状態に,どんな点で
whatever,...するものは何でも
whether,名詞節を導いて...かどうか
whom,疑問代名詞だれを,どんな人を
widely,広く；広範囲に；大いに
wild,野生の
will,単純未来…だろう, ...する予定である
wind,曲がりくねる,曲がる
woman,女,女性,婦人
wish,願い
wonderful,驚くべき,不思議な;すばらしい,すてきな
wood,木材,木；薪森；林
word,語,単語
work,『仕事』,労働;努力,勉強
yourself,強意用法you と同格に用いてあなた自身,ご自身
anymore,もはや；これ以上；さらに（…ない、しない）
eventually,結局,ついに；最後には,ゆくゆくは
listener,耳を傾ける人,聞き手;聴取者
versus,…対
qualification,資格を与えること,資格があること,資格,能力;複数形で免許状,資格証明書
clause,節
approval,...に対する 賛成, 是認, 承認 to ...
extraordinary,並はずれた
false,正しくない, 誤った
frequent,しばしば起こる, 頻繁な
improvement,...の 改良, 改善, 進歩, 上達 of ...
injure,を傷つける, ...に損害を与える
insist,...と強く要求する
rely,を 頼りにする, 信頼する, あてにする on ...
remarkable,注目すべき,目につく
servant,召使,使用人
detail,細部, 細目
embarrass,に恥ずかしい思いをさせる
fellow,話 男, やつ
genetic,遺伝学の
representation,を 表現することof ...
react,反応する+to+名
reputation,評判,世評
preserve,文 ...から…を守る,を保護する from ...
spend,消費する、（時を）過ごす
occur,起こる
spare,予備の, 余分の
ratio,比, 比率, 割合
influence,影響
comfort,慰め
detect,を感知する,気付く, 検出する
beauty,美しさ, 美, 美人、利点、長所
gather,を集める
several,いくつかの
still,まだ
collect,を集める
exclude,...から を除外する from ...
underlie,...の下に横たわる
foundation,を 設立すること, ...の 創立 of ...
seek,を探し求める
rise,立ち上がるup
valuable,価値のある, 高価な
determination,決心
object,物体,個体
academic,学園の, 大学の
composition,創作, 作文, 作曲
isolate,...から を孤立させる, を分離させる, を隔離する from ...
lend,を貸す
sink,沈む
tension,ピンと張ること
neglect,を無視する
interpret,を解釈する
parallel,【形】平行な
retain,を持ち続ける, を保持する
stem,茎,幹
succeed,成功する,うまくいく
temperature,温度, 気温
ban,…に対する 禁止 on ...
efficiency,能率, 能力
incident,出来事, 事件, 騒ぎ
adapt,...に を適応させる to ...
actually,実際に, 実は
agreement,…についての 一致,調和,同意 on, about, with ...
assessment,評価, 査定
attractive,魅力のある, 魅力的な
breed,動物が子を生む, 繁殖する
claim,...に対する 要求, 請求 for, to ...
constraint,...の 強制, 無理強いon ...
consist,~ of ......から成る, ...で成り立っている, 構成される
decline,減少する
largely,主として, 大部分は
probability,ありそうなこと, 起こりそうなこと
unit,構成単位
supplier,供給者,補充者
term,用語
reaction,...に対する 反応 to ...
propose,を提案する
loose,結んでいない
news,報道,記事;知らせ,たより)
solution,を解くこと, 解決策of, for, to ...
recognize,…を確かに認める
improve,をもっと良くする, を改善する
stream,小川
labor,労働
distribute,...に を分配する to, among ...
concern,...に関係する
channel,水路
express,を表現する
anyone,かたく疑問文・条件節でだれか
anyway,通例文頭さて, それはさておき
freeze,凍る;冷凍される
fun,楽しい, おもしろい
fit,適合
mad,気が狂った,気違いの
politics,政治
description,...の記述, 描写, 表現, 説明of ...
comprise,を含む
around,...の周りに
success,成功,好結果,上首尾
broadcast,放送番組;放送
troop,移動中の人・野生の動物の群れof ...